[{"ID":"1","name":"K2D","source":"google","selectors":"[]","subsets":"[]","variants":"[\"300\",\"regular\",\"italic\",\"700\"]","url":"","place":"head","status":"published","created_at":"1575407911","updated_at":"1592586701"},{"ID":"2","name":"Noto Serif","source":"google","selectors":"[]","subsets":"[]","variants":"[\"regular\",\"italic\",\"700\"]","url":"","place":"head","status":"published","created_at":"1575408035","updated_at":"1592586673"},{"ID":"3","name":"Nunito","source":"google","selectors":"[]","subsets":"[]","variants":"[\"300\",\"regular\",\"italic\",\"700\"]","url":"","place":"head","status":"published","created_at":"1575408173","updated_at":"1592586663"},{"ID":"4","name":"Sarabun","source":"google","selectors":"[]","subsets":"[]","variants":"[\"300\",\"regular\",\"italic\",\"500\",\"600\",\"700\"]","url":"","place":"head","status":"published","created_at":"1575408261","updated_at":"1592586648"},{"ID":"5","name":"playstore","source":"upload-icon","selectors":"{\"500f11d5293b7f926a6d60a78a1b6669\":{\"name\":\"001-playstore\",\"path\":\"\\\/home\\\/admin\\\/domains\\\/climaxthemes.com\\\/public_html\\\/kata\\\/app\\\/wp-content\\\/uploads\\\/kata\\\/icons\\\/001-playstore.svg\",\"key\":\"500f11d5293b7f926a6d60a78a1b6669\"}}","subsets":"","variants":"","url":"","place":"head","status":"published","created_at":"1594529707","updated_at":"1594529717"}]